word,phishing_count,normal_count,total_count,phishing_ratio,normal_ratio,log_odds_score,final_weight,support
google,686,13,699,0.9814,0.0186,3.9289,3.9289,699
email,602,24,626,0.9617,0.0383,3.2024,3.2024,626
file,458,35,493,0.9290,0.0710,2.5584,2.5584,493
continue,391,17,408,0.9583,0.0417,3.1078,3.1078,408
services,300,96,396,0.7576,0.2424,1.1359,1.1359,396
website,336,46,382,0.8796,0.1204,1.9791,1.9791,382
use,271,59,330,0.8212,0.1788,1.5180,1.5180,330
service,282,47,329,0.8571,0.1429,1.7829,1.7829,329
cookies,294,25,319,0.9216,0.0784,2.4466,2.4466,319
open,283,29,312,0.9071,0.0929,2.2628,2.2628,312
sign,291,13,304,0.9572,0.0428,3.0724,3.0724,304
express,293,2,295,0.9932,0.0068,4.7656,4.7656,295
page,238,45,283,0.8410,0.1590,1.6567,1.6567,283
chain,280,2,282,0.9929,0.0071,4.7203,4.7203,282
bank,244,30,274,0.8905,0.1095,2.0815,2.0815,274
yes,266,7,273,0.9744,0.0256,3.5705,3.5705,273
maps,266,2,268,0.9925,0.0075,4.6691,4.6691,268
delivery,213,24,237,0.8987,0.1013,2.1650,2.1650,237
link,198,27,225,0.8800,0.1200,1.9766,1.9766,225
please,191,27,218,0.8761,0.1239,1.9407,1.9407,218
password,214,3,217,0.9862,0.0138,4.1155,4.1155,217
browser,202,9,211,0.9573,0.0427,3.0594,3.0594,211
create,163,46,209,0.7799,0.2201,1.2574,1.2574,209
home,161,42,203,0.7931,0.2069,1.3350,1.3350,203
required,180,17,197,0.9137,0.0863,2.3335,2.3335,197
want,156,35,191,0.8168,0.1832,1.4835,1.4835,191
enter,181,9,190,0.9526,0.0474,2.9500,2.9500,190
login,179,11,190,0.9421,0.0579,2.7478,2.7478,190
site,137,44,181,0.7569,0.2431,1.1281,1.1281,181
security,158,21,179,0.8827,0.1173,1.9977,1.9977,179
field,169,8,177,0.9548,0.0452,2.9928,2.9928,177
facebook,162,14,176,0.9205,0.0795,2.4165,2.4165,176
account,143,30,173,0.8266,0.1734,1.5486,1.5486,173
copied,171,1,172,0.9942,0.0058,4.7391,4.7391,172
started,151,18,169,0.8935,0.1065,2.1028,2.1028,169
another,152,13,165,0.9212,0.0788,2.4245,2.4245,165
international,146,19,165,0.8848,0.1152,2.0166,2.0166,165
indicates,164,0,164,1.0000,0.0000,5.7961,5.0000,164
copy,152,12,164,0.9268,0.0732,2.5014,2.5014,164
information,117,40,157,0.7452,0.2548,1.0651,1.0651,157
cold,156,0,156,1.0000,0.0000,5.7462,5.0000,156
data,112,43,155,0.7226,0.2774,0.9502,0.9502,155
bankid,153,0,153,1.0000,0.0000,5.7268,5.0000,153
share,137,13,150,0.9133,0.0867,2.3209,2.3209,150
try,131,15,146,0.8973,0.1027,2.1382,2.1382,146
shipping,135,10,145,0.9310,0.0690,2.5576,2.5576,145
got,134,8,142,0.9437,0.0563,2.7615,2.7615,142
unique,122,19,141,0.8652,0.1348,1.8377,1.8377,141
directed,133,1,134,0.9925,0.0075,4.4886,4.4886,134
next,109,25,134,0.8134,0.1866,1.4572,1.4572,134
directions,133,0,133,1.0000,0.0000,5.5872,5.0000,133
cancel,130,3,133,0.9774,0.0226,3.6186,3.6186,133
learn,95,36,131,0.7252,0.2748,0.9618,0.9618,131
supply,123,5,128,0.9609,0.0391,3.1115,3.1115,128
credit,120,8,128,0.9375,0.0625,2.6516,2.6516,128
search,93,33,126,0.7381,0.2619,1.0264,1.0264,126
mobile,99,26,125,0.7920,0.2080,1.3230,1.3230,125
customizable,119,3,122,0.9754,0.0246,3.5306,3.5306,122
details,111,10,121,0.9174,0.0826,2.3626,2.3626,121
templates,119,1,120,0.9917,0.0083,4.3779,4.3779,120
powered,105,12,117,0.8974,0.1026,2.1330,2.1330,117
contact,95,21,116,0.8190,0.1810,1.4911,1.4911,116
crypto,110,2,112,0.9821,0.0179,3.7887,3.7887,112
wallet,110,1,111,0.9910,0.0090,4.2996,4.2996,111
less,102,7,109,0.9358,0.0642,2.6150,2.6150,109
nie,96,12,108,0.8889,0.1111,2.0438,2.0438,108
seguridad,102,1,103,0.9903,0.0097,4.2244,4.2244,103
standard,97,2,99,0.9798,0.0202,3.6636,3.6636,99
document,87,10,97,0.8969,0.1031,2.1203,2.1203,97
log,87,9,96,0.9063,0.0938,2.2203,2.2203,96
privacy,86,9,95,0.9053,0.0947,2.2089,2.2089,95
hardware,90,4,94,0.9574,0.0426,3.0013,3.0013,94
bulk,88,6,94,0.9362,0.0638,2.6112,2.6112,94
secure,74,20,94,0.7872,0.2128,1.2904,1.2904,94
username,93,0,93,1.0000,0.0000,5.2311,5.0000,93
address,87,6,93,0.9355,0.0645,2.5998,2.5998,93
twoje,90,1,91,0.9890,0.0110,4.0999,4.0999,91
czasu,90,1,91,0.9890,0.0110,4.0999,4.0999,91
phone,80,11,91,0.8791,0.1209,1.9459,1.9459,91
przetwarza,90,0,90,1.0000,0.0000,5.1985,5.0000,90
dane,90,0,90,1.0000,0.0000,5.1985,5.0000,90
strony,90,0,90,1.0000,0.0000,5.1985,5.0000,90
zamykaj,90,0,90,1.0000,0.0000,5.1985,5.0000,90
smart,77,13,90,0.8556,0.1444,1.7476,1.7476,90
personal,75,15,90,0.8333,0.1667,1.5833,1.5833,90
english,82,7,89,0.9213,0.0787,2.3979,2.3979,89
view,70,17,87,0.8046,0.1954,1.3934,1.3934,87
sft,85,0,85,1.0000,0.0000,5.1417,5.0000,85
remember,78,7,85,0.9176,0.0824,2.3482,2.3482,85
warehousing,84,0,84,1.0000,0.0000,5.1299,5.0000,84
ledger,84,0,84,1.0000,0.0000,5.1299,5.0000,84
forgot,83,1,84,0.9881,0.0119,4.0194,4.0194,84
waiting,80,2,82,0.9756,0.0244,3.4720,3.4720,82
number,62,20,82,0.7561,0.2439,1.1147,1.1147,82
freight,80,0,80,1.0000,0.0000,5.0814,5.0000,80
igjen,78,0,78,1.0000,0.0000,5.0562,5.0000,78
pharmaceutical,76,1,77,0.9870,0.0130,3.9318,3.9318,77
enterprise,56,21,77,0.7273,0.2727,0.9662,0.9662,77
policy,69,7,76,0.9079,0.0921,2.2264,2.2264,76
vennligst,75,0,75,1.0000,0.0000,5.0173,5.0000,75
phrase,75,0,75,1.0000,0.0000,5.0173,5.0000,75
label,72,2,74,0.9730,0.0270,3.3673,3.3673,74
care,53,21,74,0.7162,0.2838,0.9116,0.9116,74
rates,54,19,73,0.7397,0.2603,1.0278,1.0278,73
consolidation,69,3,72,0.9583,0.0417,2.9886,2.9886,72
commerce,63,5,68,0.9265,0.0735,2.4463,2.4463,68
paid,60,8,68,0.8824,0.1176,1.9626,1.9626,68
loading,62,4,66,0.9394,0.0606,2.6311,2.6311,66
tech,61,5,66,0.9242,0.0758,2.4143,2.4143,66
device,59,7,66,0.8939,0.1061,2.0711,2.0711,66
recovery,59,5,64,0.9219,0.0781,2.3812,2.3812,64
download,52,12,64,0.8125,0.1875,1.4351,1.4351,64
wallets,59,4,63,0.9365,0.0635,2.5819,2.5819,63
notice,56,7,63,0.8889,0.1111,2.0193,2.0193,63
member,46,16,62,0.7419,0.2581,1.0361,1.0361,62
report,45,17,62,0.7258,0.2742,0.9555,0.9555,62
ready,43,17,60,0.7167,0.2833,0.9106,0.9106,60
allow,42,16,58,0.7241,0.2759,0.9461,0.9461,58
precise,54,1,55,0.9818,0.0182,3.5927,3.5927,55
temperature,54,1,55,0.9818,0.0182,3.5927,3.5927,55
china,50,4,54,0.9259,0.0741,2.4179,2.4179,54
wybierz,51,2,53,0.9623,0.0377,3.0253,3.0253,53
secret,49,4,53,0.9245,0.0755,2.3979,2.3979,53
zur,39,14,53,0.7358,0.2642,1.0022,1.0022,53
inquiry,52,0,52,1.0000,0.0000,4.6540,4.6540,52
new,52,0,52,1.0000,0.0000,4.6540,4.6540,52
santander,52,0,52,1.0000,0.0000,4.6540,4.6540,52
inn,51,1,52,0.9808,0.0192,3.5361,3.5361,52
confirm,47,5,52,0.9038,0.0962,2.1560,2.1560,52
agricole,51,0,51,1.0000,0.0000,4.6347,4.6347,51
banki,51,0,51,1.0000,0.0000,4.6347,4.6347,51
bnp,51,0,51,1.0000,0.0000,4.6347,4.6347,51
fyll,51,0,51,1.0000,0.0000,4.6347,4.6347,51
citibank,51,0,51,1.0000,0.0000,4.6347,4.6347,51
ing,51,0,51,1.0000,0.0000,4.6347,4.6347,51
inteligo,51,0,51,1.0000,0.0000,4.6347,4.6347,51
paribas,51,0,51,1.0000,0.0000,4.6347,4.6347,51
mbank,51,0,51,1.0000,0.0000,4.6347,4.6347,51
ipko,51,0,51,1.0000,0.0000,4.6347,4.6347,51
velobank,51,0,51,1.0000,0.0000,4.6347,4.6347,51
millennium,51,0,51,1.0000,0.0000,4.6347,4.6347,51
chinese,49,2,51,0.9608,0.0392,2.9857,2.9857,51
trading,46,5,51,0.9020,0.0980,2.1347,2.1347,51
private,44,7,51,0.8627,0.1373,1.7806,1.7806,51
track,39,12,51,0.7647,0.2353,1.1506,1.1506,51
health,38,13,51,0.7451,0.2549,1.0480,1.0480,51
checkbox,50,0,50,1.0000,0.0000,4.6151,4.6151,50
heavy,47,3,50,0.9400,0.0600,2.6080,2.6080,50
plus,39,11,50,0.7800,0.2200,1.2340,1.2340,50
rush,49,0,49,1.0000,0.0000,4.5951,4.5951,49
cookie,45,4,49,0.9184,0.0816,2.3136,2.3136,49
something,36,13,49,0.7347,0.2653,0.9946,0.9946,49
tilbake,48,0,48,1.0000,0.0000,4.5747,4.5747,48
neste,48,0,48,1.0000,0.0000,4.5747,4.5747,48
mainland,47,1,48,0.9792,0.0208,3.4553,3.4553,48
wait,43,5,48,0.8958,0.1042,2.0680,2.0680,48
reports,40,8,48,0.8333,0.1667,1.5612,1.5612,48
code,37,11,48,0.7708,0.2292,1.1820,1.1820,48
blogphp,46,0,46,1.0000,0.0000,4.5326,4.5326,46
third,34,12,46,0.7391,0.2609,1.0152,1.0152,46
hva,45,0,45,1.0000,0.0000,4.5109,4.5109,45
ditt,45,0,45,1.0000,0.0000,4.5109,4.5109,45
sitio,44,1,45,0.9778,0.0222,3.3900,3.3900,45
agree,39,6,45,0.8667,0.1333,1.8045,1.8045,45
non,34,10,44,0.7727,0.2273,1.1896,1.1896,44
fresh,33,11,44,0.7500,0.2500,1.0692,1.0692,44
skontaktuj,42,1,43,0.9767,0.0233,3.3440,3.3440,43
governance,40,3,43,0.9302,0.0698,2.4485,2.4485,43
wrong,38,5,43,0.8837,0.1163,1.9459,1.9459,43
individual,36,7,43,0.8372,0.1628,1.5824,1.5824,43
welcome,31,12,43,0.7209,0.2791,0.9243,0.9243,43
dito,42,0,42,1.0000,0.0000,4.4427,4.4427,42
alt,42,0,42,1.0000,0.0000,4.4427,4.4427,42
porten,42,0,42,1.0000,0.0000,4.4427,4.4427,42
wsparciem,42,0,42,1.0000,0.0000,4.4427,4.4427,42
bitcoin,41,1,42,0.9762,0.0238,3.3202,3.3202,42
food,34,7,41,0.8293,0.1707,1.5261,1.5261,41
consumer,33,8,41,0.8049,0.1951,1.3715,1.3715,41
shaw,40,0,40,1.0000,0.0000,4.3944,4.3944,40
ftl,39,1,40,0.9750,0.0250,3.2708,3.2708,40
finance,33,7,40,0.8250,0.1750,1.4966,1.4966,40
transshipment,39,0,39,1.0000,0.0000,4.3694,4.3694,39
laster,39,0,39,1.0000,0.0000,4.3694,4.3694,39
vent,39,0,39,1.0000,0.0000,4.3694,4.3694,39
membership,37,2,39,0.9487,0.0513,2.7081,2.7081,39
industrial,33,6,39,0.8462,0.1538,1.6397,1.6397,39
name,32,7,39,0.8205,0.1795,1.4663,1.4663,39
safety,29,10,39,0.7436,0.2564,1.0330,1.0330,39
necessary,35,3,38,0.9211,0.0789,2.3168,2.3168,38
amazon,35,3,38,0.9211,0.0789,2.3168,2.3168,38
united,33,5,38,0.8684,0.1316,1.8068,1.8068,38
goods,33,5,38,0.8684,0.1316,1.8068,1.8068,38
insurance,33,5,38,0.8684,0.1316,1.8068,1.8068,38
terms,32,6,38,0.8421,0.1579,1.6094,1.6094,38
intelligence,30,8,38,0.7895,0.2105,1.2777,1.2777,38
accounts,29,9,38,0.7632,0.2368,1.1331,1.1331,38
mail,29,9,38,0.7632,0.2368,1.1331,1.1331,38
zum,27,11,38,0.7105,0.2895,0.8718,0.8718,38
economy,32,5,37,0.8649,0.1351,1.7765,1.7765,37
additional,30,7,37,0.8108,0.1892,1.4028,1.4028,37
starte,36,0,36,1.0000,0.0000,4.2905,4.2905,36
ikke,36,0,36,1.0000,0.0000,4.2905,4.2905,36
correo,36,0,36,1.0000,0.0000,4.2905,4.2905,36
kunne,36,0,36,1.0000,0.0000,4.2905,4.2905,36
exchange,30,6,36,0.8333,0.1667,1.5459,1.5459,36
artificial,30,6,36,0.8333,0.1667,1.5459,1.5459,36
preferences,33,2,35,0.9429,0.0571,2.5953,2.5953,35
manufacturing,33,2,35,0.9429,0.0571,2.5953,2.5953,35
konto,33,2,35,0.9429,0.0571,2.5953,2.5953,35
household,33,1,34,0.9706,0.0294,3.1061,3.1061,34
transit,33,1,34,0.9706,0.0294,3.1061,3.1061,34
viewing,30,4,34,0.8824,0.1176,1.9136,1.9136,34
half,28,6,34,0.8235,0.1765,1.4781,1.4781,34
stock,25,9,34,0.7353,0.2647,0.9874,0.9874,34
przelewy,33,0,33,1.0000,0.0000,4.2047,4.2047,33
shoes,33,0,33,1.0000,0.0000,4.2047,4.2047,33
garment,33,0,33,1.0000,0.0000,4.2047,4.2047,33
automobile,33,0,33,1.0000,0.0000,4.2047,4.2047,33
webmail,33,0,33,1.0000,0.0000,4.2047,4.2047,33
telecommunications,33,0,33,1.0000,0.0000,4.2047,4.2047,33
circulation,33,0,33,1.0000,0.0000,4.2047,4.2047,33
szybkie,33,0,33,1.0000,0.0000,4.2047,4.2047,33
foundry,33,0,33,1.0000,0.0000,4.2047,4.2047,33
rmryghedrhryhfdjfghjsdstg,33,0,33,1.0000,0.0000,4.2047,4.2047,33
headwear,33,0,33,1.0000,0.0000,4.2047,4.2047,33
bankowe,33,0,33,1.0000,0.0000,4.2047,4.2047,33
mode,24,9,33,0.7273,0.2727,0.9474,0.9474,33
waybills,32,0,32,1.0000,0.0000,4.1744,4.1744,32
waybill,32,0,32,1.0000,0.0000,4.1744,4.1744,32
nano,32,0,32,1.0000,0.0000,4.1744,4.1744,32
word,27,5,32,0.8438,0.1563,1.6094,1.6094,32
trade,26,6,32,0.8125,0.1875,1.4053,1.4053,32
protected,23,9,32,0.7188,0.2813,0.9057,0.9057,32
confirmar,31,0,31,1.0000,0.0000,4.1431,4.1431,31
uses,30,1,31,0.9677,0.0323,3.0123,3.0123,31
preparing,30,1,31,0.9677,0.0323,3.0123,3.0123,31
protect,25,6,31,0.8065,0.1935,1.3669,1.3669,31
pour,23,8,31,0.7419,0.2581,1.0169,1.0169,31
providers,23,8,31,0.7419,0.2581,1.0169,1.0169,31
warehouse,28,2,30,0.9333,0.0667,2.4336,2.4336,30
ltd,28,2,30,0.9333,0.0667,2.4336,2.4336,30
nutzer,26,4,30,0.8667,0.1333,1.7731,1.7731,30
llc,24,6,30,0.8000,0.2000,1.3269,1.3269,30
enable,23,7,30,0.7667,0.2333,1.1421,1.1421,30
juno,29,0,29,1.0000,0.0000,4.0775,4.0775,29
overseas,28,1,29,0.9655,0.0345,2.9444,2.9444,29
indonesia,28,1,29,0.9655,0.0345,2.9444,2.9444,29
seite,26,3,29,0.8966,0.1034,2.0244,2.0244,29
zero,25,4,29,0.8621,0.1379,1.7346,1.7346,29
asia,24,5,29,0.8276,0.1724,1.4939,1.4939,29
ais,28,0,28,1.0000,0.0000,4.0431,4.0431,28
margin,28,0,28,1.0000,0.0000,4.0431,4.0431,28
speedy,28,0,28,1.0000,0.0000,4.0431,4.0431,28
abuse,26,2,28,0.9286,0.0714,2.3609,2.3609,28
received,25,3,28,0.8929,0.1071,1.9859,1.9859,28
correct,21,7,28,0.7500,0.2500,1.0531,1.0531,28
entered,27,0,27,1.0000,0.0000,4.0073,4.0073,27
cooperation,27,0,27,1.0000,0.0000,4.0073,4.0073,27
schutz,26,1,27,0.9630,0.0370,2.8717,2.8717,27
error,26,1,27,0.9630,0.0370,2.8717,2.8717,27
skip,25,2,27,0.9259,0.0741,2.3224,2.3224,27
securely,25,2,27,0.9259,0.0741,2.3224,2.3224,27
vous,25,2,27,0.9259,0.0741,2.3224,2.3224,27
mother,25,2,27,0.9259,0.0741,2.3224,2.3224,27
accept,24,3,27,0.8889,0.1111,1.9459,1.9459,27
went,24,3,27,0.8889,0.1111,1.9459,1.9459,27
blog,23,4,27,0.8519,0.1481,1.6529,1.6529,27
union,23,4,27,0.8519,0.1481,1.6529,1.6529,27
states,22,5,27,0.8148,0.1852,1.4088,1.4088,27
request,20,7,27,0.7407,0.2593,1.0055,1.0055,27
votre,26,0,26,1.0000,0.0000,3.9703,3.9703,26
usuarios,26,0,26,1.0000,0.0000,3.9703,3.9703,26
passkey,26,0,26,1.0000,0.0000,3.9703,3.9703,26
utilisateurs,26,0,26,1.0000,0.0000,3.9703,3.9703,26
ligne,26,0,26,1.0000,0.0000,3.9703,3.9703,26
liens,26,0,26,1.0000,0.0000,3.9703,3.9703,26
enlaces,26,0,26,1.0000,0.0000,3.9703,3.9703,26
macau,26,0,26,1.0000,0.0000,3.9703,3.9703,26
fraude,26,0,26,1.0000,0.0000,3.9703,3.9703,26
pte,24,2,26,0.9231,0.0769,2.2824,2.2824,26
sent,23,3,26,0.8846,0.1154,1.9042,1.9042,26
hong,23,3,26,0.8846,0.1154,1.9042,1.9042,26
automatically,19,7,26,0.7308,0.2692,0.9555,0.9555,26
maiden,25,0,25,1.0000,0.0000,3.9318,3.9318,25
birth,25,0,25,1.0000,0.0000,3.9318,3.9318,25
shipper,24,1,25,0.9600,0.0400,2.7932,2.7932,25
reset,24,1,25,0.9600,0.0400,2.7932,2.7932,25
selecionar,24,1,25,0.9600,0.0400,2.7932,2.7932,25
pacific,24,1,25,0.9600,0.0400,2.7932,2.7932,25
browsing,22,3,25,0.8800,0.1200,1.8608,1.8608,25
career,20,5,25,0.8000,0.2000,1.3157,1.3157,25
updated,19,6,25,0.7600,0.2400,1.0986,1.0986,25
assets,19,6,25,0.7600,0.2400,1.0986,1.0986,25
rivers,24,0,24,1.0000,0.0000,3.8918,3.8918,24
cart,24,0,24,1.0000,0.0000,3.8918,3.8918,24
ppc,24,0,24,1.0000,0.0000,3.8918,3.8918,24
halving,24,0,24,1.0000,0.0000,3.8918,3.8918,24
receiver,24,0,24,1.0000,0.0000,3.8918,3.8918,24
fcu,24,0,24,1.0000,0.0000,3.8918,3.8918,24
kong,23,1,24,0.9583,0.0417,2.7515,2.7515,24
taiwan,23,1,24,0.9583,0.0417,2.7515,2.7515,24
earnings,22,2,24,0.9167,0.0833,2.1972,2.1972,24
monitor,20,4,24,0.8333,0.1667,1.5163,1.5163,24
partnership,20,4,24,0.8333,0.1667,1.5163,1.5163,24
issues,19,5,24,0.7917,0.2083,1.2657,1.2657,24
pack,18,6,24,0.7500,0.2500,1.0460,1.0460,24
equipo,23,0,23,1.0000,0.0000,3.8501,3.8501,23
guest,23,0,23,1.0000,0.0000,3.8501,3.8501,23
query,21,2,23,0.9130,0.0870,2.1518,2.1518,23
overview,20,3,23,0.8696,0.1304,1.7677,1.7677,23
button,17,6,23,0.7391,0.2609,0.9904,0.9904,23
enumrthfdghjrijfghdgretyu,22,0,22,1.0000,0.0000,3.8067,3.8067,22
fgmnegtsghqyhfhndfgwedyfd,22,0,22,1.0000,0.0000,3.8067,3.8067,22
reject,22,0,22,1.0000,0.0000,3.8067,3.8067,22
motorola,22,0,22,1.0000,0.0000,3.8067,3.8067,22
invalid,22,0,22,1.0000,0.0000,3.8067,3.8067,22
branch,21,1,22,0.9545,0.0455,2.6626,2.6626,22
session,20,2,22,0.9091,0.0909,2.1041,2.1041,22
appliances,20,2,22,0.9091,0.0909,2.1041,2.1041,22
federal,18,4,22,0.8182,0.1818,1.4137,1.4137,22
logistics,21,0,21,1.0000,0.0000,3.7612,3.7612,21
pickup,21,0,21,1.0000,0.0000,3.7612,3.7612,21
coverage,21,0,21,1.0000,0.0000,3.7612,3.7612,21
commitments,20,1,21,0.9524,0.0476,2.6150,2.6150,21
carbon,20,1,21,0.9524,0.0476,2.6150,2.6150,21
announcements,20,1,21,0.9524,0.0476,2.6150,2.6150,21
trace,19,2,21,0.9048,0.0952,2.0541,2.0541,21
signed,19,2,21,0.9048,0.0952,2.0541,2.0541,21
algorithm,18,3,21,0.8571,0.1429,1.6650,1.6650,21
menu,17,4,21,0.8095,0.1905,1.3581,1.3581,21
investor,17,4,21,0.8095,0.1905,1.3581,1.3581,21
piece,16,5,21,0.7619,0.2381,1.0986,1.0986,21
registration,16,5,21,0.7619,0.2381,1.0986,1.0986,21
turnstile,20,0,20,1.0000,0.0000,3.7136,3.7136,20
procurement,20,0,20,1.0000,0.0000,3.7136,3.7136,20
cloudflare,20,0,20,1.0000,0.0000,3.7136,3.7136,20
talents,20,0,20,1.0000,0.0000,3.7136,3.7136,20
privileges,20,0,20,1.0000,0.0000,3.7136,3.7136,20
periodical,20,0,20,1.0000,0.0000,3.7136,3.7136,20
verify,18,2,20,0.9000,0.1000,2.0015,2.0015,20
method,18,2,20,0.9000,0.1000,2.0015,2.0015,20
tower,17,3,20,0.8500,0.1500,1.6094,1.6094,20
targeting,16,4,20,0.8000,0.2000,1.2993,1.2993,20
portfolio,15,5,20,0.7500,0.2500,1.0361,1.0361,20
identidad,19,0,19,1.0000,0.0000,3.6636,3.6636,19
robot,18,1,19,0.9474,0.0526,2.5123,2.5123,19
respect,18,1,19,0.9474,0.0526,2.5123,2.5123,19
sido,18,1,19,0.9474,0.0526,2.5123,2.5123,19
relations,17,2,19,0.8947,0.1053,1.9459,1.9459,19
pass,17,2,19,0.8947,0.1053,1.9459,1.9459,19
vehicle,17,2,19,0.8947,0.1053,1.9459,1.9459,19
continuing,16,3,19,0.8421,0.1579,1.5506,1.5506,19
profile,15,4,19,0.7895,0.2105,1.2368,1.2368,19
directly,14,5,19,0.7368,0.2632,0.9694,0.9694,19
italiano,18,0,18,1.0000,0.0000,3.6109,3.6109,18
dansk,18,0,18,1.0000,0.0000,3.6109,3.6109,18
suomi,18,0,18,1.0000,0.0000,3.6109,3.6109,18
malaysia,18,0,18,1.0000,0.0000,3.6109,3.6109,18
deutsch,18,0,18,1.0000,0.0000,3.6109,3.6109,18
svenska,18,0,18,1.0000,0.0000,3.6109,3.6109,18
batch,18,0,18,1.0000,0.0000,3.6109,3.6109,18
nederlands,18,0,18,1.0000,0.0000,3.6109,3.6109,18
lozko,18,0,18,1.0000,0.0000,3.6109,3.6109,18
magyar,18,0,18,1.0000,0.0000,3.6109,3.6109,18
olx,18,0,18,1.0000,0.0000,3.6109,3.6109,18
jednoosobowe,18,0,18,1.0000,0.0000,3.6109,3.6109,18
attempts,18,0,18,1.0000,0.0000,3.6109,3.6109,18
ref,18,0,18,1.0000,0.0000,3.6109,3.6109,18
brasil,17,1,18,0.9444,0.0556,2.4567,2.4567,18
sustainability,17,1,18,0.9444,0.0556,2.4567,2.4567,18
item,15,3,18,0.8333,0.1667,1.4881,1.4881,18
strictly,15,3,18,0.8333,0.1667,1.4881,1.4881,18
abonnement,15,3,18,0.8333,0.1667,1.4881,1.4881,18
desde,14,4,18,0.7778,0.2222,1.1701,1.1701,18
deposits,13,5,18,0.7222,0.2778,0.8979,0.8979,18
shared,13,5,18,0.7222,0.2778,0.8979,0.8979,18
net,13,5,18,0.7222,0.2778,0.8979,0.8979,18
yijitong,17,0,17,1.0000,0.0000,3.5553,3.5553,17
daifuguanjia,17,0,17,1.0000,0.0000,3.5553,3.5553,17
malay,17,0,17,1.0000,0.0000,3.5553,3.5553,17
phoenixwings,17,0,17,1.0000,0.0000,3.5553,3.5553,17
wuyoushenghuo,17,0,17,1.0000,0.0000,3.5553,3.5553,17
shuzhitaibai,17,0,17,1.0000,0.0000,3.5553,3.5553,17
wrd,17,0,17,1.0000,0.0000,3.5553,3.5553,17
xiaoguoguo,17,0,17,1.0000,0.0000,3.5553,3.5553,17
shundiantong,17,0,17,1.0000,0.0000,3.5553,3.5553,17
scs,17,0,17,1.0000,0.0000,3.5553,3.5553,17
scd,17,0,17,1.0000,0.0000,3.5553,3.5553,17
decentralized,17,0,17,1.0000,0.0000,3.5553,3.5553,17
scc,17,0,17,1.0000,0.0000,3.5553,3.5553,17
scct,17,0,17,1.0000,0.0000,3.5553,3.5553,17
butler,17,0,17,1.0000,0.0000,3.5553,3.5553,17
filipino,17,0,17,1.0000,0.0000,3.5553,3.5553,17
unmanned,17,0,17,1.0000,0.0000,3.5553,3.5553,17
hrvatski,17,0,17,1.0000,0.0000,3.5553,3.5553,17
flink,17,0,17,1.0000,0.0000,3.5553,3.5553,17
kuaijishunfeng,17,0,17,1.0000,0.0000,3.5553,3.5553,17
sce,17,0,17,1.0000,0.0000,3.5553,3.5553,17
window,16,1,17,0.9412,0.0588,2.3979,2.3979,17
functional,16,1,17,0.9412,0.0588,2.3979,2.3979,17
move,15,2,17,0.8824,0.1176,1.8245,1.8245,17
york,15,2,17,0.8824,0.1176,1.8245,1.8245,17
choices,14,3,17,0.8235,0.1765,1.4214,1.4214,17
dies,13,4,17,0.7647,0.2353,1.0986,1.0986,17
clearance,13,4,17,0.7647,0.2353,1.0986,1.0986,17
comme,13,4,17,0.7647,0.2353,1.0986,1.0986,17
prevent,13,4,17,0.7647,0.2353,1.0986,1.0986,17
port,13,4,17,0.7647,0.2353,1.0986,1.0986,17
mot,16,0,16,1.0000,0.0000,3.4965,3.4965,16
pause,16,0,16,1.0000,0.0000,3.4965,3.4965,16
minutos,16,0,16,1.0000,0.0000,3.4965,3.4965,16
passe,16,0,16,1.0000,0.0000,3.4965,3.4965,16
identifiant,16,0,16,1.0000,0.0000,3.4965,3.4965,16
redirected,16,0,16,1.0000,0.0000,3.4965,3.4965,16
morning,15,1,16,0.9375,0.0625,2.3354,2.3354,16
submission,15,1,16,0.9375,0.0625,2.3354,2.3354,16
distribution,15,1,16,0.9375,0.0625,2.3354,2.3354,16
typing,15,1,16,0.9375,0.0625,2.3354,2.3354,16
polski,15,1,16,0.9375,0.0625,2.3354,2.3354,16
usuario,15,1,16,0.9375,0.0625,2.3354,2.3354,16
nombre,15,1,16,0.9375,0.0625,2.3354,2.3354,16
telefon,15,1,16,0.9375,0.0625,2.3354,2.3354,16
function,14,2,16,0.8750,0.1250,1.7579,1.7579,16
advertising,14,2,16,0.8750,0.1250,1.7579,1.7579,16
develop,13,3,16,0.8125,0.1875,1.3499,1.3499,16
identified,13,3,16,0.8125,0.1875,1.3499,1.3499,16
cette,13,3,16,0.8125,0.1875,1.3499,1.3499,16
sicherheit,13,3,16,0.8125,0.1875,1.3499,1.3499,16
intended,13,3,16,0.8125,0.1875,1.3499,1.3499,16
loans,13,3,16,0.8125,0.1875,1.3499,1.3499,16
reasons,13,3,16,0.8125,0.1875,1.3499,1.3499,16
hat,13,3,16,0.8125,0.1875,1.3499,1.3499,16
pressing,15,0,15,1.0000,0.0000,3.4340,3.4340,15
dial,15,0,15,1.0000,0.0000,3.4340,3.4340,15
pracownika,15,0,15,1.0000,0.0000,3.4340,3.4340,15
pozdrawiam,15,0,15,1.0000,0.0000,3.4340,3.4340,15
gdzie,15,0,15,1.0000,0.0000,3.4340,3.4340,15
submitting,15,0,15,1.0000,0.0000,3.4340,3.4340,15
vendido,15,0,15,1.0000,0.0000,3.4340,3.4340,15
connecter,15,0,15,1.0000,0.0000,3.4340,3.4340,15
norsk,15,0,15,1.0000,0.0000,3.4340,3.4340,15
finansowego,15,0,15,1.0000,0.0000,3.4340,3.4340,15
oops,15,0,15,1.0000,0.0000,3.4340,3.4340,15
avbryt,15,0,15,1.0000,0.0000,3.4340,3.4340,15
repay,14,1,15,0.9333,0.0667,2.2687,2.2687,15
aviso,14,1,15,0.9333,0.0667,2.2687,2.2687,15
indonesian,14,1,15,0.9333,0.0667,2.2687,2.2687,15
leverage,14,1,15,0.9333,0.0667,2.2687,2.2687,15
garantir,14,1,15,0.9333,0.0667,2.2687,2.2687,15
size,13,2,15,0.8667,0.1333,1.6864,1.6864,15
regulations,13,2,15,0.8667,0.1333,1.6864,1.6864,15
identity,13,2,15,0.8667,0.1333,1.6864,1.6864,15
sold,13,2,15,0.8667,0.1333,1.6864,1.6864,15
eines,13,2,15,0.8667,0.1333,1.6864,1.6864,15
practices,12,3,15,0.8000,0.2000,1.2730,1.2730,15
regional,12,3,15,0.8000,0.2000,1.2730,1.2730,15
prepare,12,3,15,0.8000,0.2000,1.2730,1.2730,15
consent,12,3,15,0.8000,0.2000,1.2730,1.2730,15
dans,11,4,15,0.7333,0.2667,0.9383,0.9383,15
usd,14,0,14,1.0000,0.0000,3.3673,3.3673,14
borrow,14,0,14,1.0000,0.0000,3.3673,3.3673,14
esperanto,14,0,14,1.0000,0.0000,3.3673,3.3673,14
returned,14,0,14,1.0000,0.0000,3.3673,3.3673,14
nequi,14,0,14,1.0000,0.0000,3.3673,3.3673,14
nacimiento,14,0,14,1.0000,0.0000,3.3673,3.3673,14
fecha,14,0,14,1.0000,0.0000,3.3673,3.3673,14
laser,14,0,14,1.0000,0.0000,3.3673,3.3673,14
redirect,14,0,14,1.0000,0.0000,3.3673,3.3673,14
docusign,14,0,14,1.0000,0.0000,3.3673,3.3673,14
submit,13,1,14,0.9286,0.0714,2.1972,2.1972,14
outlets,13,1,14,0.9286,0.0714,2.1972,2.1972,14
ihnen,13,1,14,0.9286,0.0714,2.1972,2.1972,14
mechanismus,13,1,14,0.9286,0.0714,2.1972,2.1972,14
pas,13,1,14,0.9286,0.0714,2.1972,2.1972,14
modify,13,1,14,0.9286,0.0714,2.1972,2.1972,14
appliance,13,1,14,0.9286,0.0714,2.1972,2.1972,14
shortened,13,1,14,0.9286,0.0714,2.1972,2.1972,14
fulfillment,13,1,14,0.9286,0.0714,2.1972,2.1972,14
ltl,13,1,14,0.9286,0.0714,2.1972,2.1972,14
mechanism,13,1,14,0.9286,0.0714,2.1972,2.1972,14
afin,13,1,14,0.9286,0.0714,2.1972,2.1972,14
artificielle,13,1,14,0.9286,0.0714,2.1972,2.1972,14
removed,13,1,14,0.9286,0.0714,2.1972,2.1972,14
affect,12,2,14,0.8571,0.1429,1.6094,1.6094,14
install,11,3,14,0.7857,0.2143,1.1896,1.1896,14
philippines,11,3,14,0.7857,0.2143,1.1896,1.1896,14
proteger,13,0,13,1.0000,0.0000,3.2958,3.2958,13
informations,13,0,13,1.0000,0.0000,3.2958,3.2958,13
intentos,13,0,13,1.0000,0.0000,3.2958,3.2958,13
raccourci,13,0,13,1.0000,0.0000,3.2958,3.2958,13
genehmigt,13,0,13,1.0000,0.0000,3.2958,3.2958,13
incumplimiento,13,0,13,1.0000,0.0000,3.2958,3.2958,13
algorithme,13,0,13,1.0000,0.0000,3.2958,3.2958,13
visitar,13,0,13,1.0000,0.0000,3.2958,3.2958,13
hace,13,0,13,1.0000,0.0000,3.2958,3.2958,13
assurer,13,0,13,1.0000,0.0000,3.2958,3.2958,13
tentatives,13,0,13,1.0000,0.0000,3.2958,3.2958,13
weiterentwickeln,13,0,13,1.0000,0.0000,3.2958,3.2958,13
sospechosos,13,0,13,1.0000,0.0000,3.2958,3.2958,13
controlled,13,0,13,1.0000,0.0000,3.2958,3.2958,13
approve,13,0,13,1.0000,0.0000,3.2958,3.2958,13
aufgrund,13,0,13,1.0000,0.0000,3.2958,3.2958,13
bloquer,13,0,13,1.0000,0.0000,3.2958,3.2958,13
weiterleitung,13,0,13,1.0000,0.0000,3.2958,3.2958,13
consulter,13,0,13,1.0000,0.0000,3.2958,3.2958,13
redirection,13,0,13,1.0000,0.0000,3.2958,3.2958,13
raison,13,0,13,1.0000,0.0000,3.2958,3.2958,13
monitoreando,13,0,13,1.0000,0.0000,3.2958,3.2958,13
sicherheitshinweis,13,0,13,1.0000,0.0000,3.2958,3.2958,13
passvvord,13,0,13,1.0000,0.0000,3.2958,3.2958,13
normas,13,0,13,1.0000,0.0000,3.2958,3.2958,13
suspicious,13,0,13,1.0000,0.0000,3.2958,3.2958,13
intentabas,13,0,13,1.0000,0.0000,3.2958,3.2958,13
acortado,13,0,13,1.0000,0.0000,3.2958,3.2958,13
geschieht,13,0,13,1.0000,0.0000,3.2958,3.2958,13
algoritmo,13,0,13,1.0000,0.0000,3.2958,3.2958,13
souhaitiez,13,0,13,1.0000,0.0000,3.2958,3.2958,13
lien,13,0,13,1.0000,0.0000,3.2958,3.2958,13
continuera,13,0,13,1.0000,0.0000,3.2958,3.2958,13
informationssicherheit,13,0,13,1.0000,0.0000,3.2958,3.2958,13
avis,13,0,13,1.0000,0.0000,3.2958,3.2958,13
ecount,13,0,13,1.0000,0.0000,3.2958,3.2958,13
identificado,13,0,13,1.0000,0.0000,3.2958,3.2958,13
desarrollando,13,0,13,1.0000,0.0000,3.2958,3.2958,13
enviar,13,0,13,1.0000,0.0000,3.2958,3.2958,13
nutzungsrichtlinien,13,0,13,1.0000,0.0000,3.2958,3.2958,13
acortamiento,13,0,13,1.0000,0.0000,3.2958,3.2958,13
mesure,13,0,13,1.0000,0.0000,3.2958,3.2958,13
prevenir,13,0,13,1.0000,0.0000,3.2958,3.2958,13
parce,13,0,13,1.0000,0.0000,3.2958,3.2958,13
vise,13,0,13,1.0000,0.0000,3.2958,3.2958,13
shortening,13,0,13,1.0000,0.0000,3.2958,3.2958,13
surveiller,13,0,13,1.0000,0.0000,3.2958,3.2958,13
mantener,13,0,13,1.0000,0.0000,3.2958,3.2958,13
wahrung,13,0,13,1.0000,0.0000,3.2958,3.2958,13
raccourcissement,13,0,13,1.0000,0.0000,3.2958,3.2958,13
tarjeta,13,0,13,1.0000,0.0000,3.2958,3.2958,13
algorithmus,13,0,13,1.0000,0.0000,3.2958,3.2958,13
malicioso,13,0,13,1.0000,0.0000,3.2958,3.2958,13
eliminado,13,0,13,1.0000,0.0000,3.2958,3.2958,13
eingestuft,13,0,13,1.0000,0.0000,3.2958,3.2958,13
razones,13,0,13,1.0000,0.0000,3.2958,3.2958,13
malveillant,13,0,13,1.0000,0.0000,3.2958,3.2958,13
raisons,13,0,13,1.0000,0.0000,3.2958,3.2958,13
esto,13,0,13,1.0000,0.0000,3.2958,3.2958,13
malicious,13,0,13,1.0000,0.0000,3.2958,3.2958,13
betrugsversuchen,13,0,13,1.0000,0.0000,3.2958,3.2958,13
entfernt,13,0,13,1.0000,0.0000,3.2958,3.2958,13
verhinderung,13,0,13,1.0000,0.0000,3.2958,3.2958,13
aufgerufene,13,0,13,1.0000,0.0000,3.2958,3.2958,13
gegen,13,0,13,1.0000,0.0000,3.2958,3.2958,13
mecanismo,13,0,13,1.0000,0.0000,3.2958,3.2958,13
cet,13,0,13,1.0000,0.0000,3.2958,3.2958,13
enlace,13,0,13,1.0000,0.0000,3.2958,3.2958,13
blockieren,13,0,13,1.0000,0.0000,3.2958,3.2958,13
lis,13,0,13,1.0000,0.0000,3.2958,3.2958,13
suspects,13,0,13,1.0000,0.0000,3.2958,3.2958,13
actualizar,13,0,13,1.0000,0.0000,3.2958,3.2958,13
plateforme,13,0,13,1.0000,0.0000,3.2958,3.2958,13
collected,12,1,13,0.9231,0.0769,2.1203,2.1203,13
evolving,12,1,13,0.9231,0.0769,2.1203,2.1203,13
canceled,12,1,13,0.9231,0.0769,2.1203,2.1203,13
powermax,11,2,13,0.8462,0.1538,1.5261,1.5261,13
count,11,2,13,0.8462,0.1538,1.5261,1.5261,13
allen,11,2,13,0.8462,0.1538,1.5261,1.5261,13
mostly,10,3,13,0.7692,0.2308,1.0986,1.0986,13
preview,10,3,13,0.7692,0.2308,1.0986,1.0986,13
export,10,3,13,0.7692,0.2308,1.0986,1.0986,13
else,10,3,13,0.7692,0.2308,1.0986,1.0986,13
credentials,12,0,12,1.0000,0.0000,3.2189,3.2189,12
naver,12,0,12,1.0000,0.0000,3.2189,3.2189,12
nft,12,0,12,1.0000,0.0000,3.2189,3.2189,12
mis,12,0,12,1.0000,0.0000,3.2189,3.2189,12
storing,12,0,12,1.0000,0.0000,3.2189,3.2189,12
megamail,12,0,12,1.0000,0.0000,3.2189,3.2189,12
abandoned,12,0,12,1.0000,0.0000,3.2189,3.2189,12
nfts,12,0,12,1.0000,0.0000,3.2189,3.2189,12
france,12,0,12,1.0000,0.0000,3.2189,3.2189,12
entrar,12,0,12,1.0000,0.0000,3.2189,3.2189,12
condiciones,12,0,12,1.0000,0.0000,3.2189,3.2189,12
norton,12,0,12,1.0000,0.0000,3.2189,3.2189,12
comporium,12,0,12,1.0000,0.0000,3.2189,3.2189,12
cloudinfolibrary,12,0,12,1.0000,0.0000,3.2189,3.2189,12
applied,11,1,12,0.9167,0.0833,2.0369,2.0369,12
korea,11,1,12,0.9167,0.0833,2.0369,2.0369,12
continuar,11,1,12,0.9167,0.0833,2.0369,2.0369,12
viva,11,1,12,0.9167,0.0833,2.0369,2.0369,12
mon,10,2,12,0.8333,0.1667,1.4351,1.4351,12
bottom,10,2,12,0.8333,0.1667,1.4351,1.4351,12
present,10,2,12,0.8333,0.1667,1.4351,1.4351,12
qualidade,10,2,12,0.8333,0.1667,1.4351,1.4351,12
hospital,10,2,12,0.8333,0.1667,1.4351,1.4351,12
chrome,10,2,12,0.8333,0.1667,1.4351,1.4351,12
bundles,10,2,12,0.8333,0.1667,1.4351,1.4351,12
automated,9,3,12,0.7500,0.2500,0.9985,0.9985,12
esta,9,3,12,0.7500,0.2500,0.9985,0.9985,12
electoral,11,0,11,1.0000,0.0000,3.1355,3.1355,11
abb,11,0,11,1.0000,0.0000,3.1355,3.1355,11
rexroth,11,0,11,1.0000,0.0000,3.1355,3.1355,11
neles,11,0,11,1.0000,0.0000,3.1355,3.1355,11
hima,11,0,11,1.0000,0.0000,3.1355,3.1355,11
pilz,11,0,11,1.0000,0.0000,3.1355,3.1355,11
hammer,11,0,11,1.0000,0.0000,3.1355,3.1355,11
bradley,11,0,11,1.0000,0.0000,3.1355,3.1355,11
instituto,11,0,11,1.0000,0.0000,3.1355,3.1355,11
lenze,11,0,11,1.0000,0.0000,3.1355,3.1355,11
caisse,11,0,11,1.0000,0.0000,3.1355,3.1355,11
mitsubishi,11,0,11,1.0000,0.0000,3.1355,3.1355,11
omron,11,0,11,1.0000,0.0000,3.1355,3.1355,11
metso,11,0,11,1.0000,0.0000,3.1355,3.1355,11
triconex,11,0,11,1.0000,0.0000,3.1355,3.1355,11
eaton,11,0,11,1.0000,0.0000,3.1355,3.1355,11
cisco,11,0,11,1.0000,0.0000,3.1355,3.1355,11
ahgsydhavuywdgyasgvdyugaw,11,0,11,1.0000,0.0000,3.1355,3.1355,11
foxboro,11,0,11,1.0000,0.0000,3.1355,3.1355,11
redlion,11,0,11,1.0000,0.0000,3.1355,3.1355,11
danfoss,11,0,11,1.0000,0.0000,3.1355,3.1355,11
nacional,11,0,11,1.0000,0.0000,3.1355,3.1355,11
leuze,11,0,11,1.0000,0.0000,3.1355,3.1355,11
hansford,11,0,11,1.0000,0.0000,3.1355,3.1355,11
epro,11,0,11,1.0000,0.0000,3.1355,3.1355,11
sensata,11,0,11,1.0000,0.0000,3.1355,3.1355,11
fisher,11,0,11,1.0000,0.0000,3.1355,3.1355,11
bailey,11,0,11,1.0000,0.0000,3.1355,3.1355,11
banreservas,11,0,11,1.0000,0.0000,3.1355,3.1355,11
reliance,11,0,11,1.0000,0.0000,3.1355,3.1355,11
hongkong,11,0,11,1.0000,0.0000,3.1355,3.1355,11
kollmorgen,11,0,11,1.0000,0.0000,3.1355,3.1355,11
skins,11,0,11,1.0000,0.0000,3.1355,3.1355,11
rosemount,11,0,11,1.0000,0.0000,3.1355,3.1355,11
germany,11,0,11,1.0000,0.0000,3.1355,3.1355,11
cutler,11,0,11,1.0000,0.0000,3.1355,3.1355,11
connexion,11,0,11,1.0000,0.0000,3.1355,3.1355,11
yaskawa,11,0,11,1.0000,0.0000,3.1355,3.1355,11
phoenix,11,0,11,1.0000,0.0000,3.1355,3.1355,11
honeywell,11,0,11,1.0000,0.0000,3.1355,3.1355,11
yokogawa,11,0,11,1.0000,0.0000,3.1355,3.1355,11
grupo,11,0,11,1.0000,0.0000,3.1355,3.1355,11
schneider,11,0,11,1.0000,0.0000,3.1355,3.1355,11
slimpak,11,0,11,1.0000,0.0000,3.1355,3.1355,11
ics,11,0,11,1.0000,0.0000,3.1355,3.1355,11
instruments,11,0,11,1.0000,0.0000,3.1355,3.1355,11
espace,11,0,11,1.0000,0.0000,3.1355,3.1355,11
eurotherm,11,0,11,1.0000,0.0000,3.1355,3.1355,11
vietnam,11,0,11,1.0000,0.0000,3.1355,3.1355,11
amcl,11,0,11,1.0000,0.0000,3.1355,3.1355,11
moog,11,0,11,1.0000,0.0000,3.1355,3.1355,11
zealand,11,0,11,1.0000,0.0000,3.1355,3.1355,11
fanuc,11,0,11,1.0000,0.0000,3.1355,3.1355,11
toshiba,11,0,11,1.0000,0.0000,3.1355,3.1355,11
woodward,11,0,11,1.0000,0.0000,3.1355,3.1355,11
siemens,11,0,11,1.0000,0.0000,3.1355,3.1355,11
bender,11,0,11,1.0000,0.0000,3.1355,3.1355,11
thailand,11,0,11,1.0000,0.0000,3.1355,3.1355,11
elau,11,0,11,1.0000,0.0000,3.1355,3.1355,11
prosoft,11,0,11,1.0000,0.0000,3.1355,3.1355,11
unitronics,11,0,11,1.0000,0.0000,3.1355,3.1355,11
ovation,11,0,11,1.0000,0.0000,3.1355,3.1355,11
intercept,11,0,11,1.0000,0.0000,3.1355,3.1355,11
nevada,11,0,11,1.0000,0.0000,3.1355,3.1355,11
triplex,11,0,11,1.0000,0.0000,3.1355,3.1355,11
kuka,11,0,11,1.0000,0.0000,3.1355,3.1355,11
vnpost,11,0,11,1.0000,0.0000,3.1355,3.1355,11
emerson,11,0,11,1.0000,0.0000,3.1355,3.1355,11
bachmann,11,0,11,1.0000,0.0000,3.1355,3.1355,11
duplication,11,0,11,1.0000,0.0000,3.1355,3.1355,11
cas,11,0,11,1.0000,0.0000,3.1355,3.1355,11
jamesbury,11,0,11,1.0000,0.0000,3.1355,3.1355,11
sick,11,0,11,1.0000,0.0000,3.1355,3.1355,11
bently,11,0,11,1.0000,0.0000,3.1355,3.1355,11
authentification,11,0,11,1.0000,0.0000,3.1355,3.1355,11
kongsberg,11,0,11,1.0000,0.0000,3.1355,3.1355,11
sst,11,0,11,1.0000,0.0000,3.1355,3.1355,11
mois,10,1,11,0.9091,0.0909,1.9459,1.9459,11
pendant,10,1,11,0.9091,0.0909,1.9459,1.9459,11
aplikacji,10,1,11,0.9091,0.0909,1.9459,1.9459,11
informacje,10,1,11,0.9091,0.0909,1.9459,1.9459,11
accessories,10,1,11,0.9091,0.0909,1.9459,1.9459,11
coins,9,2,11,0.8182,0.1818,1.3350,1.3350,11
interest,9,2,11,0.8182,0.1818,1.3350,1.3350,11
loin,10,0,10,1.0000,0.0000,3.0445,3.0445,10
detalles,10,0,10,1.0000,0.0000,3.0445,3.0445,10
careers,10,0,10,1.0000,0.0000,3.0445,3.0445,10
leido,10,0,10,1.0000,0.0000,3.0445,3.0445,10
przerwach,10,0,10,1.0000,0.0000,3.0445,3.0445,10
cliquez,10,0,10,1.0000,0.0000,3.0445,3.0445,10
zaplanowanych,10,0,10,1.0000,0.0000,3.0445,3.0445,10
transporte,10,0,10,1.0000,0.0000,3.0445,3.0445,10
londrina,10,0,10,1.0000,0.0000,3.0445,3.0445,10
jusqu,10,0,10,1.0000,0.0000,3.0445,3.0445,10
puntos,10,0,10,1.0000,0.0000,3.0445,3.0445,10
authenticate,10,0,10,1.0000,0.0000,3.0445,3.0445,10
credito,10,0,10,1.0000,0.0000,3.0445,3.0445,10
solicitados,10,0,10,1.0000,0.0000,3.0445,3.0445,10
bahasa,10,0,10,1.0000,0.0000,3.0445,3.0445,10
acepto,10,0,10,1.0000,0.0000,3.0445,3.0445,10
incorrect,10,0,10,1.0000,0.0000,3.0445,3.0445,10
xfinity,10,0,10,1.0000,0.0000,3.0445,3.0445,10
aller,10,0,10,1.0000,0.0000,3.0445,3.0445,10
seconnecter,10,0,10,1.0000,0.0000,3.0445,3.0445,10
ordering,10,0,10,1.0000,0.0000,3.0445,3.0445,10
embedded,9,1,10,0.9000,0.1000,1.8458,1.8458,10
materials,9,1,10,0.9000,0.1000,1.8458,1.8458,10
comprar,9,1,10,0.9000,0.1000,1.8458,1.8458,10
checking,9,1,10,0.9000,0.1000,1.8458,1.8458,10
locally,9,1,10,0.9000,0.1000,1.8458,1.8458,10
electronic,8,2,10,0.8000,0.2000,1.2238,1.2238,10
compare,8,2,10,0.8000,0.2000,1.2238,1.2238,10
limit,8,2,10,0.8000,0.2000,1.2238,1.2238,10
valid,8,2,10,0.8000,0.2000,1.2238,1.2238,10
banco,9,0,9,1.0000,0.0000,2.9444,2.9444,9
broadband,9,0,9,1.0000,0.0000,2.9444,2.9444,9
zoho,9,0,9,1.0000,0.0000,2.9444,2.9444,9
unrecognized,9,0,9,1.0000,0.0000,2.9444,2.9444,9
clause,9,0,9,1.0000,0.0000,2.9444,2.9444,9
ntt,9,0,9,1.0000,0.0000,2.9444,2.9444,9
nea,9,0,9,1.0000,0.0000,2.9444,2.9444,9
redirecting,9,0,9,1.0000,0.0000,2.9444,2.9444,9
sorry,9,0,9,1.0000,0.0000,2.9444,2.9444,9
pichincha,9,0,9,1.0000,0.0000,2.9444,2.9444,9
docomo,9,0,9,1.0000,0.0000,2.9444,2.9444,9
analyze,8,1,9,0.8889,0.1111,1.7346,1.7346,9
deemed,8,1,9,0.8889,0.1111,1.7346,1.7346,9
lower,8,1,9,0.8889,0.1111,1.7346,1.7346,9
solicita,8,1,9,0.8889,0.1111,1.7346,1.7346,9
introducing,8,1,9,0.8889,0.1111,1.7346,1.7346,9
invest,8,1,9,0.8889,0.1111,1.7346,1.7346,9
clicking,8,1,9,0.8889,0.1111,1.7346,1.7346,9
url,8,1,9,0.8889,0.1111,1.7346,1.7346,9
visited,7,2,9,0.7778,0.2222,1.0986,1.0986,9
matching,7,2,9,0.7778,0.2222,1.0986,1.0986,9
acceder,7,2,9,0.7778,0.2222,1.0986,1.0986,9
spot,7,2,9,0.7778,0.2222,1.0986,1.0986,9
fetching,8,0,8,1.0000,0.0000,2.8332,2.8332,8
kerry,8,0,8,1.0000,0.0000,2.8332,2.8332,8
coupon,8,0,8,1.0000,0.0000,2.8332,2.8332,8
ethereum,8,0,8,1.0000,0.0000,2.8332,2.8332,8
bito,8,0,8,1.0000,0.0000,2.8332,2.8332,8
airlines,8,0,8,1.0000,0.0000,2.8332,2.8332,8
yields,8,0,8,1.0000,0.0000,2.8332,2.8332,8
secured,8,0,8,1.0000,0.0000,2.8332,2.8332,8
invoice,8,0,8,1.0000,0.0000,2.8332,2.8332,8
macao,8,0,8,1.0000,0.0000,2.8332,2.8332,8
monto,8,0,8,1.0000,0.0000,2.8332,2.8332,8
stax,8,0,8,1.0000,0.0000,2.8332,2.8332,8
gmail,8,0,8,1.0000,0.0000,2.8332,2.8332,8
ftipark,8,0,8,1.0000,0.0000,2.8332,2.8332,8
personales,8,0,8,1.0000,0.0000,2.8332,2.8332,8
creatina,8,0,8,1.0000,0.0000,2.8332,2.8332,8
tratamiento,8,0,8,1.0000,0.0000,2.8332,2.8332,8
paga,7,1,8,0.8750,0.1250,1.6094,1.6094,8
logging,7,1,8,0.8750,0.1250,1.6094,1.6094,8
enhanced,7,1,8,0.8750,0.1250,1.6094,1.6094,8
bajo,7,1,8,0.8750,0.1250,1.6094,1.6094,8
solicitar,7,1,8,0.8750,0.1250,1.6094,1.6094,8
estudio,7,1,8,0.8750,0.1250,1.6094,1.6094,8
efectivo,7,1,8,0.8750,0.1250,1.6094,1.6094,8
tienes,7,1,8,0.8750,0.1250,1.6094,1.6094,8
identifying,7,1,8,0.8750,0.1250,1.6094,1.6094,8
period,6,2,8,0.7500,0.2500,0.9555,0.9555,8
tls,6,2,8,0.7500,0.2500,0.9555,0.9555,8
charged,6,2,8,0.7500,0.2500,0.9555,0.9555,8
nueva,6,2,8,0.7500,0.2500,0.9555,0.9555,8
described,6,2,8,0.7500,0.2500,0.9555,0.9555,8
headquarters,6,2,8,0.7500,0.2500,0.9555,0.9555,8
plata,6,2,8,0.7500,0.2500,0.9555,0.9555,8
leg,7,0,7,1.0000,0.0000,2.7081,2.7081,7
bienvenido,7,0,7,1.0000,0.0000,2.7081,2.7081,7
futures,7,0,7,1.0000,0.0000,2.7081,2.7081,7
senha,7,0,7,1.0000,0.0000,2.7081,2.7081,7
zooz,7,0,7,1.0000,0.0000,2.7081,2.7081,7
contactez,7,0,7,1.0000,0.0000,2.7081,2.7081,7
interests,7,0,7,1.0000,0.0000,2.7081,2.7081,7
latina,7,0,7,1.0000,0.0000,2.7081,2.7081,7
qfsearn,7,0,7,1.0000,0.0000,2.7081,2.7081,7
informaton,7,0,7,1.0000,0.0000,2.7081,2.7081,7
identifiable,7,0,7,1.0000,0.0000,2.7081,2.7081,7
uniquely,7,0,7,1.0000,0.0000,2.7081,2.7081,7
adverts,7,0,7,1.0000,0.0000,2.7081,2.7081,7
visitors,7,0,7,1.0000,0.0000,2.7081,2.7081,7
volver,7,0,7,1.0000,0.0000,2.7081,2.7081,7
filling,7,0,7,1.0000,0.0000,2.7081,2.7081,7
actions,7,0,7,1.0000,0.0000,2.7081,2.7081,7
decimos,7,0,7,1.0000,0.0000,2.7081,2.7081,7
disagree,7,0,7,1.0000,0.0000,2.7081,2.7081,7
derivatives,7,0,7,1.0000,0.0000,2.7081,2.7081,7
exist,7,0,7,1.0000,0.0000,2.7081,2.7081,7
cupons,7,0,7,1.0000,0.0000,2.7081,2.7081,7
expired,7,0,7,1.0000,0.0000,2.7081,2.7081,7
verificacion,7,0,7,1.0000,0.0000,2.7081,2.7081,7
anonymous,7,0,7,1.0000,0.0000,2.7081,2.7081,7
aggregated,7,0,7,1.0000,0.0000,2.7081,2.7081,7
personalisation,7,0,7,1.0000,0.0000,2.7081,2.7081,7
monohidratada,7,0,7,1.0000,0.0000,2.7081,2.7081,7
personally,7,0,7,1.0000,0.0000,2.7081,2.7081,7
instante,7,0,7,1.0000,0.0000,2.7081,2.7081,7
aprobamos,7,0,7,1.0000,0.0000,2.7081,2.7081,7
switched,7,0,7,1.0000,0.0000,2.7081,2.7081,7
friendzone,7,0,7,1.0000,0.0000,2.7081,2.7081,7
verde,6,1,7,0.8571,0.1429,1.4663,1.4663,7
institutional,6,1,7,0.8571,0.1429,1.4663,1.4663,7
conocemos,6,1,7,0.8571,0.1429,1.4663,1.4663,7
estimate,6,1,7,0.8571,0.1429,1.4663,1.4663,7
workers,6,1,7,0.8571,0.1429,1.4663,1.4663,7
plug,6,1,7,0.8571,0.1429,1.4663,1.4663,7
menos,6,1,7,0.8571,0.1429,1.4663,1.4663,7
tinyurl,6,0,6,1.0000,0.0000,2.5649,2.5649,6
analizamos,6,0,6,1.0000,0.0000,2.5649,2.5649,6
creditos,6,0,6,1.0000,0.0000,2.5649,2.5649,6
logowanie,6,0,6,1.0000,0.0000,2.5649,2.5649,6
encuentran,6,0,6,1.0000,0.0000,2.5649,2.5649,6
avantages,6,0,6,1.0000,0.0000,2.5649,2.5649,6
recargues,6,0,6,1.0000,0.0000,2.5649,2.5649,6
manejas,6,0,6,1.0000,0.0000,2.5649,2.5649,6
incorrectly,6,0,6,1.0000,0.0000,2.5649,2.5649,6
passwort,6,0,6,1.0000,0.0000,2.5649,2.5649,6
protegidos,6,0,6,1.0000,0.0000,2.5649,2.5649,6
perfil,6,0,6,1.0000,0.0000,2.5649,2.5649,6
avez,6,0,6,1.0000,0.0000,2.5649,2.5649,6
distant,6,0,6,1.0000,0.0000,2.5649,2.5649,6
ina,6,0,6,1.0000,0.0000,2.5649,2.5649,6
userpay,6,0,6,1.0000,0.0000,2.5649,2.5649,6
krok,6,0,6,1.0000,0.0000,2.5649,2.5649,6
mejores,6,0,6,1.0000,0.0000,2.5649,2.5649,6
antivirus,6,0,6,1.0000,0.0000,2.5649,2.5649,6
mise,6,0,6,1.0000,0.0000,2.5649,2.5649,6
terminos,6,0,6,1.0000,0.0000,2.5649,2.5649,6
crediticias,6,0,6,1.0000,0.0000,2.5649,2.5649,6
pagues,6,0,6,1.0000,0.0000,2.5649,2.5649,6
souhaitez,6,0,6,1.0000,0.0000,2.5649,2.5649,6
certificado,6,0,6,1.0000,0.0000,2.5649,2.5649,6
encriptado,6,0,6,1.0000,0.0000,2.5649,2.5649,6
dalej,6,0,6,1.0000,0.0000,2.5649,2.5649,6
annuler,6,0,6,1.0000,0.0000,2.5649,2.5649,6
ses,6,0,6,1.0000,0.0000,2.5649,2.5649,6
olvidaste,6,0,6,1.0000,0.0000,2.5649,2.5649,6
myrogers,6,0,6,1.0000,0.0000,2.5649,2.5649,6
dsl,6,0,6,1.0000,0.0000,2.5649,2.5649,6
ponteiro,6,0,6,1.0000,0.0000,2.5649,2.5649,6
failed,6,0,6,1.0000,0.0000,2.5649,2.5649,6
dula,6,0,6,1.0000,0.0000,2.5649,2.5649,6
wpisz,6,0,6,1.0000,0.0000,2.5649,2.5649,6
binance,6,0,6,1.0000,0.0000,2.5649,2.5649,6
pomoc,5,1,6,0.8333,0.1667,1.2993,1.2993,6
checkout,5,1,6,0.8333,0.1667,1.2993,1.2993,6
blocking,5,1,6,0.8333,0.1667,1.2993,1.2993,6
unions,5,1,6,0.8333,0.1667,1.2993,1.2993,6
maintenance,5,1,6,0.8333,0.1667,1.2993,1.2993,6
property,5,1,6,0.8333,0.1667,1.2993,1.2993,6
alex,5,1,6,0.8333,0.1667,1.2993,1.2993,6
atendimento,5,1,6,0.8333,0.1667,1.2993,1.2993,6
mulheres,5,1,6,0.8333,0.1667,1.2993,1.2993,6
quiero,5,1,6,0.8333,0.1667,1.2993,1.2993,6
fundamental,5,1,6,0.8333,0.1667,1.2993,1.2993,6
ciebie,5,1,6,0.8333,0.1667,1.2993,1.2993,6
straightforward,5,1,6,0.8333,0.1667,1.2993,1.2993,6
pontos,5,1,6,0.8333,0.1667,1.2993,1.2993,6
desfrute,5,1,6,0.8333,0.1667,1.2993,1.2993,6
aktualne,5,1,6,0.8333,0.1667,1.2993,1.2993,6
internetowej,5,1,6,0.8333,0.1667,1.2993,1.2993,6
identify,5,1,6,0.8333,0.1667,1.2993,1.2993,6
utilizar,5,1,6,0.8333,0.1667,1.2993,1.2993,6
colo,5,1,6,0.8333,0.1667,1.2993,1.2993,6
climate,5,1,6,0.8333,0.1667,1.2993,1.2993,6
prioritizing,5,1,6,0.8333,0.1667,1.2993,1.2993,6
verification,5,1,6,0.8333,0.1667,1.2993,1.2993,6
cashback,5,0,5,1.0000,0.0000,2.3979,2.3979,5
zawsze,5,0,5,1.0000,0.0000,2.3979,2.3979,5
mobilnej,5,0,5,1.0000,0.0000,2.3979,2.3979,5
eleve,5,0,5,1.0000,0.0000,2.3979,2.3979,5
affiliates,5,0,5,1.0000,0.0000,2.3979,2.3979,5
preference,5,0,5,1.0000,0.0000,2.3979,2.3979,5
worship,5,0,5,1.0000,0.0000,2.3979,2.3979,5
branching,5,0,5,1.0000,0.0000,2.3979,2.3979,5
czytaj,5,0,5,1.0000,0.0000,2.3979,2.3979,5
swojego,5,0,5,1.0000,0.0000,2.3979,2.3979,5
eligibility,5,0,5,1.0000,0.0000,2.3979,2.3979,5
quarterly,5,0,5,1.0000,0.0000,2.3979,2.3979,5
podawaj,5,0,5,1.0000,0.0000,2.3979,2.3979,5
focava,5,0,5,1.0000,0.0000,2.3979,2.3979,5
pinto,5,0,5,1.0000,0.0000,2.3979,2.3979,5
tratamento,5,0,5,1.0000,0.0000,2.3979,2.3979,5
norte,5,0,5,1.0000,0.0000,2.3979,2.3979,5
closing,5,0,5,1.0000,0.0000,2.3979,2.3979,5
trocar,5,0,5,1.0000,0.0000,2.3979,2.3979,5
reduced,5,0,5,1.0000,0.0000,2.3979,2.3979,5
retrieve,5,0,5,1.0000,0.0000,2.3979,2.3979,5
ballalai,5,0,5,1.0000,0.0000,2.3979,2.3979,5
expiry,5,0,5,1.0000,0.0000,2.3979,2.3979,5
alcance,5,0,5,1.0000,0.0000,2.3979,2.3979,5
zip,5,0,5,1.0000,0.0000,2.3979,2.3979,5
economia,5,0,5,1.0000,0.0000,2.3979,2.3979,5
crees,5,0,5,1.0000,0.0000,2.3979,2.3979,5
humanos,5,0,5,1.0000,0.0000,2.3979,2.3979,5
cooperative,5,0,5,1.0000,0.0000,2.3979,2.3979,5
criado,5,0,5,1.0000,0.0000,2.3979,2.3979,5
loginu,5,0,5,1.0000,0.0000,2.3979,2.3979,5
logowaniu,5,0,5,1.0000,0.0000,2.3979,2.3979,5
titulaire,5,0,5,1.0000,0.0000,2.3979,2.3979,5
acesso,5,0,5,1.0000,0.0000,2.3979,2.3979,5
lucilla,5,0,5,1.0000,0.0000,2.3979,2.3979,5
telefonia,5,0,5,1.0000,0.0000,2.3979,2.3979,5
dapps,5,0,5,1.0000,0.0000,2.3979,2.3979,5
novembro,5,0,5,1.0000,0.0000,2.3979,2.3979,5
verifying,5,0,5,1.0000,0.0000,2.3979,2.3979,5
eres,5,0,5,1.0000,0.0000,2.3979,2.3979,5
fundado,5,0,5,1.0000,0.0000,2.3979,2.3979,5
zatwierdzasz,5,0,5,1.0000,0.0000,2.3979,2.3979,5
klikniesz,5,0,5,1.0000,0.0000,2.3979,2.3979,5
zanim,5,0,5,1.0000,0.0000,2.3979,2.3979,5
sprawdzisz,5,0,5,1.0000,0.0000,2.3979,2.3979,5
originalmente,5,0,5,1.0000,0.0000,2.3979,2.3979,5
nikomu,5,0,5,1.0000,0.0000,2.3979,2.3979,5
komunikaty,5,0,5,1.0000,0.0000,2.3979,2.3979,5
blu,5,0,5,1.0000,0.0000,2.3979,2.3979,5
borrada,5,0,5,1.0000,0.0000,2.3979,2.3979,5
cyberoszustwach,5,0,5,1.0000,0.0000,2.3979,2.3979,5
fenoux,5,0,5,1.0000,0.0000,2.3979,2.3979,5
nosotros,5,0,5,1.0000,0.0000,2.3979,2.3979,5
metropolitan,5,0,5,1.0000,0.0000,2.3979,2.3979,5
advisors,5,0,5,1.0000,0.0000,2.3979,2.3979,5
consultas,5,0,5,1.0000,0.0000,2.3979,2.3979,5
buscou,5,0,5,1.0000,0.0000,2.3979,2.3979,5
pesquisas,5,0,5,1.0000,0.0000,2.3979,2.3979,5
beneficiada,5,0,5,1.0000,0.0000,2.3979,2.3979,5
enriquece,5,0,5,1.0000,0.0000,2.3979,2.3979,5
melhorar,5,0,5,1.0000,0.0000,2.3979,2.3979,5
smskodem,5,0,5,1.0000,0.0000,2.3979,2.3979,5
aprimorar,5,0,5,1.0000,0.0000,2.3979,2.3979,5
chamado,5,0,5,1.0000,0.0000,2.3979,2.3979,5
headings,5,0,5,1.0000,0.0000,2.3979,2.3979,5
paranaense,5,0,5,1.0000,0.0000,2.3979,2.3979,5
metamask,5,0,5,1.0000,0.0000,2.3979,2.3979,5
benutzername,5,0,5,1.0000,0.0000,2.3979,2.3979,5
receber,5,0,5,1.0000,0.0000,2.3979,2.3979,5
contacta,5,0,5,1.0000,0.0000,2.3979,2.3979,5
acumule,5,0,5,1.0000,0.0000,2.3979,2.3979,5
inicialmente,5,0,5,1.0000,0.0000,2.3979,2.3979,5
dapp,5,0,5,1.0000,0.0000,2.3979,2.3979,5
proceeding,4,1,5,0.8000,0.2000,1.0986,1.0986,5
validating,4,1,5,0.8000,0.2000,1.0986,1.0986,5
officers,4,1,5,0.8000,0.2000,1.0986,1.0986,5
safeguards,4,1,5,0.8000,0.2000,1.0986,1.0986,5
cybersecurity,4,1,5,0.8000,0.2000,1.0986,1.0986,5
estamos,4,1,5,0.8000,0.2000,1.0986,1.0986,5
restore,4,1,5,0.8000,0.2000,1.0986,1.0986,5
index,4,1,5,0.8000,0.2000,1.0986,1.0986,5
rely,4,1,5,0.8000,0.2000,1.0986,1.0986,5
fraudulent,4,1,5,0.8000,0.2000,1.0986,1.0986,5
resilient,4,1,5,0.8000,0.2000,1.0986,1.0986,5
clave,4,1,5,0.8000,0.2000,1.0986,1.0986,5
holistic,4,1,5,0.8000,0.2000,1.0986,1.0986,5
covered,4,1,5,0.8000,0.2000,1.0986,1.0986,5
mata,4,1,5,0.8000,0.2000,1.0986,1.0986,5
usb,4,1,5,0.8000,0.2000,1.0986,1.0986,5
fingertips,4,1,5,0.8000,0.2000,1.0986,1.0986,5